ICV,1,4,11,23,30,31,32,35,36,37,38,39,40,41,46,47,48,49,50,51,52,55,56,57,58,59,60,61,62,71,72,73,75,76,81,82,83,84,85,86,87,88,89,90,91,92,93,94,95,100,101,102,103,104,105,106,107,108,109,112,113,114,115,116,117,118,119,120,121,122,123,124,125,128,129,132,133,134,135,136,137,138,139,140,141,142,143,144,145,146,147,148,149,150,151,152,153,154,155,156,157,160,161,162,163,164,165,166,167,168,169,170,171,172,173,174,175,176,177,178,179,180,181,182,183,184,185,186,187,190,191,192,193,194,195,196,197,198,199,200,201,202,203,204,205,206,207
TotalBrain,4,11,23,30,31,32,35,36,37,38,39,40,41,47,48,49,50,51,52,55,56,57,58,59,60,61,62,71,72,73,75,76,81,82,83,84,85,86,87,88,89,90,91,92,93,94,95,100,101,102,103,104,105,106,107,108,109,112,113,114,115,116,117,118,119,120,121,122,123,124,125,128,129,132,133,134,135,136,137,138,139,140,141,142,143,144,145,146,147,148,149,150,151,152,153,154,155,156,157,160,161,162,163,164,165,166,167,168,169,170,171,172,173,174,175,176,177,178,179,180,181,182,183,184,185,186,187,190,191,192,193,194,195,196,197,198,199,200,201,202,203,204,205,206,207
Cortical_CSF,1
CSF,1,4,11,49,50,51,52
GM,23,30,31,32,36,37,38,39,47,48,55,56,57,58,59,60,71,72,73,75,76,100,101,102,103,104,105,106,107,108,109,112,113,114,115,116,117,118,119,120,121,122,123,124,125,128,129,132,133,134,135,136,137,138,139,140,141,142,143,144,145,146,147,148,149,150,151,152,153,154,155,156,157,160,161,162,163,164,165,166,167,168,169,170,171,172,173,174,175,176,177,178,179,180,181,182,183,184,185,186,187,190,191,192,193,194,195,196,197,198,199,200,201,202,203,204,205,206,207
WM,40,41,61,62,81,82,83,84,85,86,87,88,89,90,91,92,93,94,95
GM_L,30,32,37,39,48,56,58,60,75,101,103,105,107,109,113,115,117,119,121,123,125,129,133,135,137,139,141,143,145,147,149,151,153,155,157,161,163,165,167,169,171,173,175,177,179,181,183,185,187,191,193,195,197,199,201,203,205,207
WM_L,41,62,82,84,86,88,90,92,94
GM_R,23,31,36,38,47,55,57,59,76,100,102,104,106,108,112,114,116,118,120,122,124,128,132,134,136,138,140,142,144,146,148,150,152,154,156,160,162,164,166,168,170,172,174,176,178,180,182,184,186,190,192,194,196,198,200,202,204,206
WM_R,40,61,81,83,85,87,89,91,93
CorpusCallosum,95
Cerebellum,38,39,40,41,71,72,73
Deep_WM_GM,23,30,31,32,36,37,47,48,55,56,57,58,59,60,75,76,89,90,91,92,93,94
Frontal,81,82,102,103,104,105,112,113,118,119,120,121,124,125,136,137,140,141,142,143,146,147,150,151,152,153,162,163,164,165,172,173,174,175,178,179,182,183,186,187,190,191,192,193,204,205
Limbic,100,101,116,117,138,139,166,167,170,171
Occipital,83,84,108,109,114,115,128,129,134,135,144,145,156,157,160,161,196,197
Parietal,85,86,106,107,148,149,168,169,176,177,194,195,198,199
Temporal,87,88,122,123,132,133,154,155,180,181,184,185,200,201,202,203,206,207
Ventricles,4,11,49,50,51,52
Cerebellum_L,39,41
Deep_WM_GM_L,30,32,37,48,56,58,60,75,90,92,94
Frontal_L,82,103,105,113,119,121,125,137,141,143,147,151,153,163,165,173,175,179,183,187,191,193,205
Limbic_L,101,117,139,167,171
Occipital_L,84,109,115,129,135,145,157,161,197
Parietal_L,86,107,149,169,177,195,199
Temporal_L,88,123,133,155,181,185,201,203,207
Ventricles_L,50,52
Cerebellum_R,38,40
Deep_WM_GM_R,23,31,36,47,55,57,59,76,89,91,93
Frontal_R,81,102,104,112,118,120,124,136,140,142,146,150,152,162,164,172,174,178,182,186,190,192,204
Limbic_R,100,116,138,166,170
Occipital_R,83,108,114,128,134,144,156,160,196
Parietal_R,85,106,148,168,176,194,198
Temporal_R,87,122,132,154,180,184,200,202,206
Ventricles_R,49,51
BASAL_GANGLIA,23,30,36,37,55,56,57,58
DEEP_GM,59,60
DEEP_WM,89,90,91,92,93,94
Frontal_GM,102,103,104,105,112,113,118,119,120,121,124,125,136,137,140,141,142,143,146,147,150,151,152,153,162,163,164,165,172,173,174,175,178,179,182,183,186,187,190,191,192,193,204,205
Frontal_WM,81,82
Limbic_GM,100,101,116,117,138,139,166,167,170,171
Occipital_GM,108,109,114,115,128,129,134,135,144,145,156,157,160,161,196,197
Occipital_WM,83,84
Parietal_GM,106,107,148,149,168,169,176,177,194,195,198,199
Parietal_WM,85,86
Temporal_GM,122,123,132,133,154,155,180,181,184,185,200,201,202,203,206,207
Temporal_WM,87,88
BASAL_GANGLIA_L,30,37,56,58
DEEP_GM_L,60
DEEP_WM_L,90,92,94
Frontal_GM_L,103,105,113,119,121,125,137,141,143,147,151,153,163,165,173,175,179,183,187,191,193,205
Frontal_WM_L,82
Limbic_GM_L,101,117,139,167,171
Occipital_GM_L,109,115,129,135,145,157,161,197
Occipital_WM_L,84
Parietal_GM_L,107,149,169,177,195,199
Parietal_WM_L,86
Temporal_GM_L,123,133,155,181,185,201,203,207
Temporal_WM_L,88
BASAL_GANGLIA_R,23,36,55,57
DEEP_GM_R,59
DEEP_WM_R,89,91,93
Frontal_GM_R,102,104,112,118,120,124,136,140,142,146,150,152,162,164,172,174,178,182,186,190,192,204
Frontal_WM_R,81
Limbic_GM_R,100,116,138,166,170
Occipital_GM_R,108,114,128,134,144,156,160,196
Occipital_WM_R,83
Parietal_GM_R,106,148,168,176,194,198
Parietal_WM_R,85
Temporal_GM_R,122,132,154,180,184,200,202,206
Temporal_WM_R,87
Frontal_INFERIOR_GM,104,105,136,137,146,147,178,179
Frontal_INSULAR_GM,102,103,172,173
Frontal_LATERAL_GM,120,121,142,143,162,163,164,165,182,183,190,191,204,205
Frontal_MEDIAL_GM,124,125,140,141,150,151,152,153,186,187,192,193
Frontal_OPERCULAR_GM,112,113,118,119,174,175
Limbic_CINGULATE_GM,100,101,138,139,166,167
Limbic_MEDIALTemporal_GM,116,117,170,171
Occipital_INFERIOR_GM,160,161
Occipital_LATERAL_GM,128,129,144,145,156,157,196,197
Occipital_MEDIAL_GM,108,109,114,115,134,135
Parietal_LATERAL_GM,106,107,176,177,194,195,198,199
Parietal_MEDIAL_GM,148,149,168,169
Temporal_INFERIOR_GM,122,123
Temporal_LATERAL_GM,132,133,154,155,200,201,202,203
Temporal_SUPRATemporal_GM,180,181,184,185,206,207
Frontal_INFERIOR_GM_L,105,137,147,179
Frontal_INSULAR_GM_L,103,173
Frontal_LATERAL_GM_L,121,143,163,165,183,191,205
Frontal_MEDIAL_GM_L,125,141,151,153,187,193
Frontal_OPERCULAR_GM_L,113,119,175
Limbic_CINGULATE_GM_L,101,139,167
Limbic_MEDIALTemporal_GM_L,117,171
Occipital_INFERIOR_GM_L,161
Occipital_LATERAL_GM_L,129,145,157,197
Occipital_MEDIAL_GM_L,109,115,135
Parietal_LATERAL_GM_L,107,177,195,199
Parietal_MEDIAL_GM_L,149,169
Temporal_INFERIOR_GM_L,123
Temporal_LATERAL_GM_L,133,155,201,203
Temporal_SUPRATemporal_GM_L,181,185,207
Frontal_INFERIOR_GM_R,104,136,146,178
Frontal_INSULAR_GM_R,102,172
Frontal_LATERAL_GM_R,120,142,162,164,182,190,204
Frontal_MEDIAL_GM_R,124,140,150,152,186,192
Frontal_OPERCULAR_GM_R,112,118,174
Limbic_CINGULATE_GM_R,100,138,166
Limbic_MEDIALTemporal_GM_R,116,170
Occipital_INFERIOR_GM_R,160
Occipital_LATERAL_GM_R,128,144,156,196
Occipital_MEDIAL_GM_R,108,114,134
Parietal_LATERAL_GM_R,106,176,194,198
Parietal_MEDIAL_GM_R,148,168
Temporal_INFERIOR_GM_R,122
Temporal_LATERAL_GM_R,132,154,200,202
Temporal_SUPRATemporal_GM_R,180,184,206
3rd Ventricle,4
4th Ventricle,11
Right Accumbens Area,23
Left Accumbens Area,30
Amygdala_R,31
Amygdala_L,32
Brain Stem,35
Caudate_R,36
Left Caudate,37
Right Cerebellum Exterior,38
Left Cerebellum Exterior,39
Right Cerebellum White Matter,40
Left Cerebellum White Matter,41
Hippocampus_R,47
Hippocampus_L,48
Right Inf Lat Vent,49
Left Inf Lat Vent,50
Right Lateral Ventricle,51
Left Lateral Ventricle,52
Right Pallidum,55
Left Pallidum,56
Putamen_R,57
Putamen_L,58
ThalamusProper_R,59
ThalamusProper_L,60
Right Ventral DC,61
Left Ventral DC,62
Cerebellar Vermal Lobules I-V,71
Cerebellar Vermal Lobules VI-VII,72
Cerebellar Vermal Lobules VIII-X,73
Left Basal Forebrain,75
Right Basal Forebrain,76
frontal lobe WM right,81
frontal lobe WM left,82
occipital lobe WM right,83
occipital lobe WM left,84
parietal lobe WM right,85
parietal lobe WM left,86
temporal lobe WM right,87
temporal lobe WM left,88
fornix right,89
fornix left,90
anterior limb of internal capsule right,91
anterior limb of internal capsule left,92
posterior limb of internal capsule inc. cerebral peduncle right,93
posterior limb of internal capsule inc. cerebral peduncle left,94
corpus callosum,95
Right ACgG  anterior cingulate gyrus,100
Left ACgG  anterior cingulate gyrus,101
Right AIns  anterior insula,102
Left AIns  anterior insula,103
Right AOrG  anterior orbital gyrus,104
Left AOrG  anterior orbital gyrus,105
Right AnG   angular gyrus,106
Left AnG   angular gyrus,107
Right Calc  calcarine cortex,108
Left Calc  calcarine cortex,109
Right CO    central operculum,112
Left CO    central operculum,113
Right Cun   cuneus,114
Left Cun   cuneus,115
Right Ent   entorhinal area,116
Left Ent   entorhinal area,117
Right FO    frontal operculum,118
Left FO    frontal operculum,119
Right FRP   frontal pole,120
Left FRP   frontal pole,121
Right FuG   fusiform gyrus,122
Left FuG   fusiform gyrus,123
Right GRe   gyrus rectus,124
Left GRe   gyrus rectus,125
Right IOG   inferior occipital gyrus,128
Left IOG   inferior occipital gyrus,129
Right ITG   inferior temporal gyrus,132
Left ITG   inferior temporal gyrus,133
Right LiG   lingual gyrus,134
Left LiG   lingual gyrus,135
Right LOrG  lateral orbital gyrus,136
Left LOrG  lateral orbital gyrus,137
Right MCgG  middle cingulate gyrus,138
Left MCgG  middle cingulate gyrus,139
Right MFC   medial frontal cortex,140
Left MFC   medial frontal cortex,141
Right MFG   middle frontal gyrus,142
Left MFG   middle frontal gyrus,143
Right MOG   middle occipital gyrus,144
Left MOG   middle occipital gyrus,145
Right MOrG  medial orbital gyrus,146
Left MOrG  medial orbital gyrus,147
Right MPoG  postcentral gyrus medial segment,148
Left MPoG  postcentral gyrus medial segment,149
Right MPrG  precentral gyrus medial segment,150
Left MPrG  precentral gyrus medial segment,151
Right MSFG  superior frontal gyrus medial segment,152
Left MSFG  superior frontal gyrus medial segment,153
Right MTG   middle temporal gyrus,154
Left MTG   middle temporal gyrus,155
Right OCP   occipital pole,156
Left OCP   occipital pole,157
Right OFuG  occipital fusiform gyrus,160
Left OFuG  occipital fusiform gyrus,161
Right OpIFG opercular part of the inferior frontal gyrus,162
Left OpIFG opercular part of the inferior frontal gyrus,163
Right OrIFG orbital part of the inferior frontal gyrus,164
Left OrIFG orbital part of the inferior frontal gyrus,165
Right PCgG  posterior cingulate gyrus,166
Left PCgG  posterior cingulate gyrus,167
Right PCu   precuneus,168
Left PCu   precuneus,169
Right PHG   parahippocampal gyrus,170
Left PHG   parahippocampal gyrus,171
Right PIns  posterior insula,172
Left PIns  posterior insula,173
Right PO    parietal operculum,174
Left PO    parietal operculum,175
Right PoG   postcentral gyrus,176
Left PoG   postcentral gyrus,177
Right POrG  posterior orbital gyrus,178
Left POrG  posterior orbital gyrus,179
Right PP    planum polare,180
Left PP    planum polare,181
Right PrG   precentral gyrus,182
Left PrG   precentral gyrus,183
Right PT    planum temporale,184
Left PT    planum temporale,185
Right SCA   subcallosal area,186
Left SCA   subcallosal area,187
Right SFG   superior frontal gyrus,190
Left SFG   superior frontal gyrus,191
Right SMC   supplementary motor cortex,192
Left SMC   supplementary motor cortex,193
Right SMG   supramarginal gyrus,194
Left SMG   supramarginal gyrus,195
Right SOG   superior occipital gyrus,196
Left SOG   superior occipital gyrus,197
Right SPL   superior parietal lobule,198
Left SPL   superior parietal lobule,199
Right STG   superior temporal gyrus,200
Left STG   superior temporal gyrus,201
Right TMP   temporal pole,202
Left TMP   temporal pole,203
Right TrIFG triangular part of the inferior frontal gyrus,204
Left TrIFG triangular part of the inferior frontal gyrus,205
Right TTG   transverse temporal gyrus,206
Left TTG   transverse temporal gyrus,207
